UserName,Validity,Version,Link
jewelshkjony,4831207200000,Any,fb.com/jewelshkjony
jewelshikderjony,4831207200000,Any,t.me/jewelshkjony
procooder,4831207200000,Any,t.me/jewelshkjony
malote1971,4831207200000,Standard,t.me/jewelshkjony
abidraheem153,4831207200000,Standard,t.me/jewelshkjony
cembayraktar2000,4831207200000,Standard,fb.com/jewelshkjony
mairarayan70,4831207200000,Standard,fb.com/jewelshkjony
alexkehrmann87,4831207200000,Friend,fb.com/jewelshkjony
ilpilotanostalgico,4831207200000,Standard,fb.com/jewelshkjony
m_9plaan,4831207200000,Standard,t.me/jewelshkjony
ergcomputer,4831207200000,Standard,t.me/jewelshkjony
alimcodes,4831207200000,Standard,t.me/jewelshkjony
chaboyal,4831207200000,Standard,t.me/jewelshkjony
tolik,4831207200000,Friend,t.me/jewelshkjony
dreemincome,4831207200000,Limited,t.me/jewelshkjony
mdjohirulislamjoy19,4831207200000,Standard,t.me/jewelshkjony
mukeshkumarrajpoot3,4831207200000,Standard,t.me/jewelshkjony
itshassan210,4831207200000,AdManager,t.me/jewelshkjony
mohamedkasem_mak101,4831207200000,Standard,t.me/jewelshkjony
mohamedkasem_mak,4831207200000,Standard,t.me/jewelshkjony
hadiraza2255,4831207200000,Fremium,t.me/jewelshkjony
abid3017000,4831207200000,Standard,t.me/jewelshkjony
karanpop_108,4831207200000,Standard,t.me/jewelshkjony
manulito45,4831207200000,Standard,t.me/jewelshkjony
mdsulemanmdsuleman27,4831207200000,Standard,t.me/jewelshkjony
avaworks00,4831207200000,Standard,t.me/jewelshkjony
richarddip01,4831207200000,Standard,t.me/jewelshkjony
jihadfahim_preset,4831207200000,Standard,t.me/jewelshkjony
phumesabay,4831207200000,Standard,t.me/jewelshkjony
h_habboubi,4831207200000,Standard,t.me/jewelshkjony
himsgurjar1995,4831207200000,Standard,t.me/jewelshkjony
avartardevelopers,4831207200000,Standard,t.me/jewelshkjony
himanshupatil200,4831207200000,Standard,t.me/jewelshkjony
himanshupatil034,4831207200000,Standard,t.me/jewelshkjony
himanshupatil1008,4831207200000,Standard,t.me/jewelshkjony
videostatus_hims,4831207200000,Standard,t.me/jewelshkjony
panka2995,4831207200000,Standard,t.me/jewelshkjony
azanrehman2408,4831207200000,Standard,t.me/jewelshkjony
wapdilema,4831207200000,Standard,t.me/jewelshkjony
jjteban114,4831207200000,Standard,t.me/jewelshkjony
spainparanormal,4831207200000,Standard,t.me/jewelshkjony
juliusmatern,4831207200000,Standard,t.me/jewelshkjony
supremefaptech,4831207200000,Standard,t.me/jewelshkjony
appsmarket360,4831207200000,Standard,t.me/jewelshkjony
oktay_islr,4831207200000,Standard,t.me/jewelshkjony
joserosariouasd1993,4831207200000,Standard,t.me/jewelshkjony
thornthy900,4831207200000,Standard,t.me/jewelshkjony
l3onarbeit,4831207200000,Standard,t.me/jewelshkjony
creationworld24x7,4831207200000,Standard,t.me/jewelshkjony
jonstier189,4831207200000,Standard,t.me/jewelshkjony
ekkaraman950799,4831207200000,Standard,t.me/jewelshkjony
ebinger,4831207200000,Standard,t.me/jewelshkjony
caio_carlos222,4831207200000,Standard,t.me/jewelshkjony
robinsonj7neo,4831207200000,Mediation,t.me/jewelshkjony
alhakimi38,4831207200000,Mediation,t.me/jewelshkjony
quispegalvezjk,4831207200000,Mediation,t.me/jewelshkjony
chandan210596,4831207200000,Standard,t.me/jewelshkjony
starter_dev,4831207200000,Standard,t.me/jewelshkjony
muhammadcrypto,4831207200000,Standard,t.me/jewelshkjony
findlifeeasy,4831207200000,PaymentRemain,t.me/jewelshkjony
mhbproduction1,4831207200000,Standard,t.me/jewelshkjony
shikharmishra2323,4831207200000,Standard,t.me/jewelshkjony
almligy20118,4831207200000,PaymentRemain,t.me/jewelshkjony
rudigunawan_ac,4831207200000,Mediation,t.me/jewelshkjony
rudigunawan1710_1999,4831207200000,Mediation,t.me/jewelshkjony
joymahmud74,4831207200000,PaymentRemain,t.me/jewelshkjony
fevinbiju1422001,4831207200000,Mediation,t.me/jewelshkjony
wephone360,4831207200000,Standard,t.me/jewelshkjony
calismert3,4831207200000,Standard,t.me/jewelshkjony
pborah0102,4831207200000,PaymentRemain,t.me/jewelshkjony
msiddhant1800,4831207200000,Standard,t.me/jewelshkjony
sabdalra,4831207200000,PaymentPending,t.me/jewelshkjony
rdxovv,4831207200000,Mediation,t.me/jewelshkjony
r91202870,4831207200000,AdManager,t.me/jewelshkjony
databaseaplikasi99,4831207200000,Mediation,t.me/jewelshkjony
rizwana895,4831207200000,MediationPaymentPending,t.me/jewelshkjony
atulkumar_etw321,4831207200000,Mediation,t.me/jewelshkjony
hormepaw,4831207200000,Mediation,t.me/jewelshkjony
amustaccio,4831207200000,Mediation,t.me/jewelshkjony
kmsajjad91,4831207200000,Mediation,t.me/jewelshkjony
jonymollah51,4831207200000,Standard,t.me/jewelshkjony
ciivan698,4831207200000,Mediation,t.me/jewelshkjony
zodiaclogic,4831207200000,Standard,t.me/jewelshkjony
ekastudiolab,4831207200000,Standard,t.me/jewelshkjony
haihd_ybi,4831207200000,Mediation,t.me/jewelshkjony
gyohizer,4831207200000,Standard,t.me/jewelshkjony
nazsocialmarketing,4831207200000,Mediation,t.me/jewelshkjony
anjuexp,4831207200000,Standard,t.me/jewelshkjony
fatzak100,4831207200000,Mediation,t.me/jewelshkjony
chardonneretjilguerogoldfinch,4831207200000,Mediation,t.me/jewelshkjony
appmakerhkstech,4831207200000,Lightweight,t.me/jewelshkjony
hkumarsingham,4831207200000,Lightweight,t.me/jewelshkjony
dev_octocore,4831207200000,Standard,t.me/jewelshkjony
octocore,4831207200000,dev_octocore,t.me/jewelshkjony
adinarayansahu2005,4832848800000,Mediation,t.me/jewelshkjony
downloadspk247,4832848800000,Standard,t.me/jewelshkjony
livespor38,4832848800000,Standard,t.me/jewelshkjony
rajonahmed5465,4832848800000,Standard,t.me/jewelshkjony
rodolfod16gplay,4832848800000,Mediation,t.me/jewelshkjony
jsksujon354,4832848800000,Mediation,t.me/jewelshkjony
